div_num,sch_num,sch_name
,,
001,,
001,0070,Nandua High
001,0080,Chincoteague Elementary
001,0530,Tangier Comb.
001,0530,Tangier Combined
001,0540,Arcadia High
001,0580,Chincoteague High
001,0590,Pungoteague Elementary
001,0600,Kegotank Elementary
001,0600,Kegotank Elementary.
001,0701,Accawmacke Elementary
001,0702,Metompkin Elementary
001,0703,Nandua Middle
001,0704,Arcadia Middle 
002,,
002,0010,Hollymead Elementary
002,0020,Leslie H. Walton Middle
002,0030,Scottsville Elementary
002,0040,Mary Carr Greer Elementary
002,0069,Jackson P. Burley Middle
002,0100,Broadus Wood Elementary
002,0140,Western Albemarle High
002,0150,Paul H. Cale Elementary
002,0160,Agnor-Hurt Elementary
002,0240,Stony Point Elementary
002,0250,Meriwether Lewis Elementary
002,0340,Crozet Elementary
002,0540,Red Hill Elementary
002,0880,Albemarle High
002,0890,Murray High
002,0900,Benjamin F. Yancey Elementary
002,0910,Virginia L. Murray Elementary
002,0920,Stone Robinson Elementary
002,0930,Woodbrook Elementary
002,0941,Brownsville Elementary
002,0942,Joseph T. Henley Middle
002,0950,Jack Jouett Middle
002,1051,Mortimer Y. Sutherland Middle
002,1052,Monticello High
002,1053,Baker-Butler Elementary
002,1060,Albemarle County Community Public Charter School
003,,
003,0020,Falling Spring Elementary
003,0090,Sharon Elementary
003,0110,Callaghan Elementary
003,0280,Boiling Spring Elementary
003,0310,Alleghany High
003,0310,Alleghany High School
003,1040,Clifton Middle
003,1040,Clifton Middle School
003,1041,Mountain View Elementary
003,1041,Mt. View Elementary
004,,
004,0010,Amelia County High
004,0210,Amelia County Middle
004,0220,Amelia County Elementary
005,,
005,0020,Monelison Middle
005,0240,Pleasant View Elementary
005,0500,Madison Heights Elementary
005,0670,Amherst Middle
005,0670,Amherst Middle School
005,0740,Temperance Elementary
005,0750,Amherst County High
005,0760,Elon Elementary
005,0770,Central Elementary
005,0780,Amelon Elementary
005,0790,Amherst Elementary
006,,
006,0110,Appomattox Elementary
006,0160,Appomattox Middle
006,0250,Appomattox Primary
006,0260,Appomattox County High
007,,
007,0080,Washington Lee High
007,0080,Washington-Lee High
007,0090,Carlin Springs
007,0090,Carlin Springs Elementary
007,0100,Glebe Elementary
007,0111,Francis Scott Key Elementary
007,0150,Barcroft Elementary
007,0160,Henry Elementary
007,0180,Jefferson Middle
007,0200,Drew Model Elementary
007,0211,Tuckahoe Elementary
007,0240,Swanson Middle
007,0250,Barrett Elementary
007,0330,Yorktown High
007,0350,Abingdon Elementary
007,0360,Oakridge Elementary
007,0380,McKinley Elementary
007,0380,Mckinley Elementary
007,0410,Nottingham Elementary
007,0420,Taylor Elementary
007,0440,Jamestown Elementary
007,0450,Wakefield High
007,0460,Long Branch Elementary
007,0470,Arlington Traditional
007,0480,Williamsburg Middle
007,0490,Ashlawn Elementary
007,0500,Kenmore Middle
007,0510,Randolph Elementary
007,0611,Gunston Middle
007,0613,Arlington Science Focus School
007,0614,Hoffman-Boston Elementary
007,0615,Campbell Elementary
007,0622,Claremont Immersion
007,0622,Claremont Immersion School
008,,
008,0030,Cassell Elementary
008,0040,North River Elementary
008,0060,Stuarts Draft Middle
008,0090,S. Gordon Stewart Middle
008,0140,Churchville Elementary
008,0210,Beverley Manor Elementary
008,0212,Beverley Manor Middle
008,0370,Craigsville Elementary
008,0440,Stuarts Draft Elementary
008,0640,Wilson Elementary
008,0660,Buffalo Gap High
008,0670,Fort Defiance High
008,0670,Ft. Defiance High
008,0680,Riverheads High
008,0700,Ladd Elementary
008,0710,Verona Elementary
008,0720,Wilson Memorial High
008,0730,Stuarts Draft High
008,0740,Riverheads Elementary
008,0842,Edward G. Clymore Elementary
008,0843,Guy K. Stump Elementary
008,0844,Wilson Middle
008,0844,Wilson Middle School
009,,
009,0120,Millboro Elementary
009,0140,Bath County High
009,0150,Valley Elementary
010,,
010,0030,Big Island Elementary
010,0160,Boonsboro Elementary
010,0180,Montvale Elementary
010,0450,Thaxton Elementary
010,0480,Bedford Elementary
010,0490,Bedford Middle
010,0500,Forest Elementary
010,0610,New London Academy Elementary
010,0640,Stewartsville Elementary
010,0970,Moneta Elementary
010,0980,Huddleston Elementary
010,1160,Body Camp Elementary
010,1170,Otter River Elementary
010,1180,Liberty High
010,1190,Staunton River High
010,1191,Staunton River Middle
010,1200,Bedford Primary
010,1211,Forest Middle
010,1212,Jefferson Forest High
010,1213,Thomas Jefferson Elementary
010,1214,Goodview Elementary
011,,
011,0061,Rocky Gap High
011,0062,Rocky Gap Elementary
011,0231,Bland High
011,0232,Bland Elementary
012,,
012,0020,Buchanan Elementary
012,0030,Eagle Rock Elementary
012,0040,Troutville Elementary
012,0220,Breckinridge Elementary
012,0390,Cloverdale Elementary
012,0400,Colonial Elementary
012,0420,Central Academy Middle
012,0430,James River High
012,0440,Lord Botetourt High
012,0450,Read Mountain Middle
012,0460,Greenfield Elementary
013,,
013,0650,Brunswick High
013,0660,James S. Russell Middle
013,0690,Meherrin Powellton Elementary
013,0700,Red Oak-Sturgeon Elementary
013,0720,Totaro Elementary
014,,
014,0010,Russell Prater Elementary
014,0020,J. M. Bevins Elementary
014,0020,J.M. Bevins Elementary
014,0090,Council Elementary
014,0090,Council Elementary/Middle
014,0120,Hurley Elementary/Middle
014,0120,Hurley Middle
014,0990,Grundy High
014,1000,Council High
014,1020,Hurley High
014,1040,Riverview Elem/Middle
014,1040,Riverview Elementary/Middle
014,1041,Twin Valley Elem/Middle
014,1041,Twin Valley Elementary/Middle
014,1042,Twin Valley High
015,,
015,0010,Buckingham Primary
015,0510,Dillwyn Primary
015,0700,Buckingham County High
015,0721,Buckingham Co. Middle
015,0721,Buckingham County Middle
015,0722,Dillwyn Elementary
015,0730,Gold Hill Elementary
016,,
016,0020,Brookville Middle
016,0060,Tomahawk Elementary
016,0130,Concord Elementary
016,0200,Altavista High
016,0210,Rustburg Middle
016,0211,Rustburg Middle
016,0211,Rustburg Middle School
016,0222,Rustburg High
016,0542,William Campbell High
016,0560,Altavista Elementary
016,0640,Brookneal Elementary
016,0650,Campbell County Elementary
016,0670,Gladys Elementary
016,0690,Leesville Road Elementary
016,0710,Yellow Branch Elementary
016,0720,Brookville High
016,0821,Rustburg Elementary
017,,
017,0330,Ladysmith Elementary
017,0450,Caroline Middle
017,0460,Caroline High
017,0610,Bowling Green Primary
017,0620,Bowling Green Elementary
017,0630,Ladysmith Primary
017,0630,Madison Elementary
017,9020,Lewis & Clark Elementary
017,9020,Lewis & Clark Elementary School
018,,
018,0360,Carroll County Int.
018,0360,Carroll County Intermediate
018,0360,Carroll County Intermediate School
018,0450,Woodlawn School
018,1110,St. Paul School
018,1130,Oakland Elementary
018,1130,Oakland Elementary School
018,1150,Gladesboro Elementary
018,1150,Gladesboro Elementary School
018,1160,Laurel Elementary
018,1160,Laurel Elementary School
018,1170,Hillsville Elementary
018,1170,Hillsville Elementary School
018,1180,Fancy Gap Elementary
018,1180,Fancy Gap Elementary School
018,1210,Gladeville Elementary
018,1210,Gladeville Elementary School
018,1230,Carroll County High
018,1230,Carroll County High School
019,,
019,0080,Charles City Co. Elementary
019,0080,Charles City County Elementary
019,0100,Charles City Co. High
019,0100,Charles City County High
019,0110,Charles City Co. Middle
019,0110,Charles City County Middle
020,,
020,0100,Eureka Elementary
020,0110,Phenix Elementary
020,0210,Central Middle
020,0450,J. Murray Jeffress Elementary
020,0460,Randolph Henry High
020,0460,Randolph Henry Sr. High
020,0470,Bacon District Elementary
020,0571,Early Learning Center
020,0571,Pre-K/Early Learning Ctr
021,,
021,0010,Lloyd C. Bird High
021,0020,Bon Air Elementary
021,0030,Chesterfield Community High
021,0040,Midlothian Middle
021,0050,C. C. Wells Elementary
021,0050,C.C. Wells Elementary
021,0060,Hopkins Road Elementary
021,0070,Greenfield Elementary
021,0110,Matoaca Middle
021,0130,Beulah Elementary
021,0150,Clover Hill Elementary
021,0180,Grange Hall Elementary
021,0260,Chester Middle
021,0270,Swift Creek Middle
021,0280,Monacan High
021,0290,W. W. Gordon Elementary
021,0290,W.W. Gordon Elementary
021,0300,Evergreen Elementary
021,0320,Midlothian High
021,0340,Swift Creek Elementary
021,0350,Ettrick Elementary
021,0360,O. B. Gates Elementary
021,0360,O.B. Gates Elementary
021,0370,Matoaca Elementary
021,0380,Providence Elementary
021,0390,Enon Elementary
021,0400,Jacobs Road Elementary
021,0410,Thelma Crenshaw Elementary
021,0420,Carver Middle
021,0430,Bensley Elementary
021,0440,Woolridge Elementary
021,0450,Perrymont Middle
021,0460,Harrowgate Elementary
021,0480,Ecoff Elementary
021,0492,C. E. Curtis Elementary
021,0492,C.E. Curtis Elementary
021,0500,J. G. Hening Elementary
021,0500,J.G. Hening Elementary
021,0510,Bettie Weaver Elementary
021,0530,Matoaca High
021,0550,J. A. Chalkley Elementary
021,0550,J.A. Chalkley Elementary
021,0560,Crestwood Elementary
021,0580,Meadowbrook High
021,0590,Falling Creek Elementary
021,0600,Manchester Middle
021,0610,Thomas Dale High
021,0620,A. M. Davis Elementary
021,0620,A.M. Davis Elementary
021,0631,Bailey Bridge Middle
021,0632,Manchester High
021,0650,J. B. Watkins Elementary
021,0650,J.B. Watkins Elementary
021,0660,Bellwood Elementary
021,0670,Falling Creek Middle
021,0690,Providence Middle
021,0700,Reams Road Elementary
021,0720,Salem Church Elementary
021,0722,Salem Church Middle
021,0730,Robious Elementary
021,0740,Clover Hill High
021,0760,Robious Middle
021,0770,James River High
021,0780,Marguerite F. Christian Elementary
021,0800,Spring Run Elementary
021,0840,Cosby High
021,0850,Elizabeth Scott Elementary
021,0850,Elizabeth Scott Elementary School
021,0860,Winterpock Elementary
021,0860,Winterpock Elementary School
021,0861,Alberta Smith Elementary
021,0864,Specialized Programs - Headstart
021,0870,Elizabeth Davis Middle
021,0870,Elizabeth Davis Middle School
021,0880,Tomahawk Creek Middle
021,0880,Tomahawk Creek Middle School
022,,
022,0010,Clarke County High
022,0060,Berryville Primary
022,0250,Boyce Elementary
022,0280,Johnson-Williams Middle
022,0290,D. G. Cooley Elementary
022,0290,D.G. Cooley Elementary
023,,
023,0010,McCleary Elementary
023,0010,Mccleary Elementary
023,0011,Craig County High
024,,
024,0010,Pearl Sample Elementary
024,0020,Culpeper Middle
024,0040,Yowell Elementary
024,0040,Yowell Elementary School
024,0050,Eastern View High
024,0050,Eastern View High School
024,0240,A. G. Richardson Elementary
024,0240,A.G. Richardson Elementary
024,0450,Emerald Hill Elementary
024,0460,Sycamore Park Elementary
024,0470,Farmington Elementary
024,0480,Culpeper County High
024,0581,Floyd T. Binns Middle
024,0582,Galbreath-Marshall Bldg
024,0582,Galbreath-Marshall Building
025,,
025,0140,Cumberland Elementary
025,0151,Cumberland High
025,0152,Cumberland Middle
026,,
026,0020,Clintwood Elementary
026,0040,Clinchco Elementary
026,0120,Haysi High
026,0271,Clintwood High
026,0530,Ervinton Elementary
026,0840,Ervinton High
026,0850,Longs Fork Elementary
026,0860,Sandlick Elementary
027,,
027,0010,Southside Elementary
027,0180,Sunnyside Elementary
027,0250,Midway Elementary
027,0310,Dinwiddie Elementary
027,0471,Dinwiddie County Middle
027,0471,Dinwiddie Middle
027,0500,Dinwiddie County High
027,0500,Dinwiddie Senior High
027,0510,Dinwiddie Junior High
027,0510,Dinwiddie Junior High School
027,0520,Rohoic Elementary
027,0520,Sutherland Elementary
028,,
028,0010,Essex High
028,0150,Essex Int.
028,0150,Essex Intermediate
028,0160,Tappahannock Elementary
029,,
029,0020,Fairfax High
029,0020,Fairfax High School
029,0032,Herndon High
029,0032,Herndon High School
029,0033,Herndon Middle
029,0033,Herndon Middle School
029,0070,Forest Edge Elementary
029,0070,Forest Edge Elementary School
029,0080,Franklin Sherman Elementary School
029,0080,Sherman Elementary
029,0090,Lake Braddock Secondary
029,0090,Lake Braddock Secondary School
029,0100,Chesterbrook Elementary
029,0100,Chesterbrook Elementary School
029,0110,Archer Elementary
029,0110,Louise Archer Elementary
029,0110,Louise Archer Elementary School
029,0120,Vienna Elementary
029,0120,Vienna Elementary School
029,0131,Chantilly High
029,0131,Chantilly High School
029,0140,Oakton Elementary
029,0140,Oakton Elementary School
029,0150,Orange Hunt Elementary
029,0150,Orange Hunt Elementary School
029,0170,Terra Centre Elementary
029,0170,Terra Centre Elementary School
029,0190,Woodson Adult High
029,0190,Woodson Adult High School
029,0200,Centreville High
029,0200,Centreville High School
029,0220,Dogwood Elementary
029,0220,Dogwood Elementary School
029,0250,Terraset Elementary
029,0250,Terraset Elementary School
029,0260,Clearview Elementary
029,0260,Clearview Elementary School
029,0270,Clifton Elementary
029,0270,Clifton Elementary School
029,0280,Sunrise Valley Elementary
029,0280,Sunrise Valley Elementary School
029,0290,Fairview Elementary
029,0290,Fairview Elementary School
029,0300,Rocky Run Middle
029,0300,Rocky Run Middle School
029,0320,Franconia Elementary
029,0320,Franconia Elementary School
029,0330,Groveton Elementary
029,0330,Groveton Elementary School
029,0350,Hughes Middle
029,0350,Langston Hughes Middle School
029,0370,Forestville Elementary
029,0370,Forestville Elementary School
029,0380,Woodlawn Elementary
029,0380,Woodlawn Elementary School
029,0390,Fox Mill Elementary
029,0390,Fox Mill Elementary School
029,0400,White Oaks Elementary
029,0400,White Oaks Elementary School
029,0420,Mount Vernon High
029,0420,Mount Vernon High School
029,0430,Oak Hill Elementary
029,0430,Oak Hill Elementary School
029,0440,Benjamin Franklin Middle School
029,0440,Franklin Middle
029,0470,Newington Forest Elementary
029,0470,Newington Forest Elementary School
029,0480,Cherry Run Elementary
029,0480,Cherry Run Elementary School
029,0490,Freedom Hill Elementary
029,0490,Freedom Hill Elementary School
029,0510,Mount Eagle Elementary
029,0510,Mount Eagle Elementary School
029,0520,Weyanoke Elementary
029,0520,Weyanoke Elementary School
029,0530,Graham Road Elementary
029,0530,Graham Road Elementary School
029,0550,Bailey's Elementary School for the Arts and Sciences
029,0550,Baileys Elementary
029,0560,Belle View Elementary
029,0560,Belle View Elementary School
029,0570,Great Falls Elementary
029,0570,Great Falls Elementary School
029,0580,Westlawn Elementary
029,0580,Westlawn Elementary School
029,0590,Woodley Hills Elementary
029,0590,Woodley Hills Elementary School
029,0620,Cameron Elementary
029,0620,Cameron Elementary School
029,0630,Garfield Elementary
029,0630,Garfield Elementary School
029,0650,Woodburn Elementary
029,0650,Woodburn Elementary School
029,0660,Annandale High
029,0660,Annandale High School
029,0673,Jackson Middle
029,0673,Luther Jackson Middle School
029,0680,Bush Hill Elementary
029,0680,Bush Hill Elementary School
029,0690,Gunston Elementary
029,0690,Gunston Elementary School
029,0700,Bucknell Elementary
029,0700,Bucknell Elementary School
029,0710,Sleepy Hollow Elementary
029,0710,Sleepy Hollow Elementary School
029,0720,Belvedere Elementary
029,0720,Belvedere Elementary School
029,0730,Flint Hill Elementary
029,0730,Flint Hill Elementary School
029,0740,Floris Elementary
029,0740,Floris Elementary School
029,0750,Haycock Elementary
029,0750,Haycock Elementary School
029,0770,Lemon Road Elementary
029,0770,Lemon Road Elementary School
029,0790,McLean High
029,0790,McLean High School
029,0790,Mclean High
029,0800,Navy Elementary
029,0800,Navy Elementary School
029,0820,Pine Spring Elementary
029,0820,Pine Spring Elementary School
029,0830,Timber Lane Elementary
029,0830,Timber Lane Elementary School
029,0850,Wakefield Forest Elementary
029,0850,Wakefield Forest Elementary School
029,0870,Crestwood Elementary
029,0870,Crestwood Elementary School
029,0890,Lynbrook Elementary
029,0890,Lynbrook Elementary School
029,0900,West Potomac High
029,0900,West Potomac High School
029,0930,North Springfield Elementary
029,0930,North Springfield Elementary School
029,0940,Bren Mar Park Elementary
029,0940,Bren Mar Park Elementary School
029,0950,Rose Hill Elementary
029,0950,Rose Hill Elementary School
029,0960,Springfield Estates Elementary
029,0960,Springfield Estates Elementary School
029,0970,Glen Forest Elementary
029,0970,Glen Forest Elementary School
029,0980,Kent Gardens Elementary
029,0980,Kent Gardens Elementary School
029,1020,Lee High
029,1020,Robert E. Lee High School
029,1030,Parklawn Elementary
029,1030,Parklawn Elementary School
029,1050,Churchill Road Elementary
029,1050,Churchill Road Elementary School
029,1060,James Madison High School
029,1060,Madison High
029,1070,J.E.B. Stuart High School
029,1070,Stuart High
029,1080,Waynewood Elementary
029,1080,Waynewood Elementary School
029,1090,Braddock Elementary
029,1090,Braddock Elementary School
029,1100,Falls Church High
029,1100,Falls Church High School
029,1110,Lanier Middle
029,1110,Sidney Lanier Middle School
029,1120,Irving Middle
029,1120,Washington Irving Middle School
029,1130,Edgar Allen Poe Middle School
029,1130,Poe Middle
029,1140,Henry David Thoreau Middle School
029,1140,Thoreau Middle
029,1150,Henry Wadsworth Longfellow Middle School
029,1150,Longfellow Middle
029,1160,Mark Twain Middle School
029,1160,Twain Middle
029,1170,Ellen Glasgow Middle School
029,1170,Glasgow Middle
029,1190,Cooper Middle
029,1190,James Fenimore Cooper Middle School
029,1200,Marshall Road Elementary
029,1200,Marshall Road Elementary School
029,1210,Mantua Elementary
029,1210,Mantua Elementary School
029,1240,Keene Mill Elementary
029,1240,Keene Mill Elementary School
029,1250,Herndon Elementary
029,1250,Herndon Elementary School
029,1260,W.T. Woodson High School
029,1260,Woodson High
029,1270,Edison High
029,1270,Thomas A. Edison High School
029,1290,George C. Marshall High School
029,1290,Marshall High
029,1300,Carl Sandburg Middle School
029,1300,Sandburg Middle
029,1310,Ravensworth Elementary
029,1310,Ravensworth Elementary School
029,1320,Washington Mill Elementary
029,1320,Washington Mill Elementary School
029,1330,Hollin Meadows Elementary
029,1330,Hollin Meadows Elementary School
029,1350,Stratford Landing Elementary
029,1350,Stratford Landing Elementary School
029,1360,Annandale Terrace Elementary
029,1360,Annandale Terrace Elementary School
029,1371,Thomas Jefferson High
029,1371,Thomas Jefferson High School
029,1371,Thomas Jefferson High School for Science and Technology
029,1371,Thomas Jefferson High for Science and Technology
029,1380,Stenwood Elementary
029,1380,Stenwood Elementary School
029,1390,Mosby Woods Elementary
029,1390,Mosby Woods Elementary School
029,1400,Little Run Elementary
029,1400,Little Run Elementary School
029,1410,Frost Middle
029,1410,Robert Frost Middle School
029,1420,Hybla Valley Elementary
029,1420,Hybla Valley Elementary School
029,1430,West Springfield Elementary
029,1430,West Springfield Elementary School
029,1440,Kings Park Elementary
029,1440,Kings Park Elementary School
029,1450,Forestdale Elementary
029,1450,Forestdale Elementary School
029,1460,Langley High
029,1460,Langley High School
029,1480,Fairfax Villa Elementary
029,1480,Fairfax Villa Elementary School
029,1500,Greenbriar West Elementary
029,1500,Greenbriar West Elementary School
029,1510,Columbia Elementary
029,1510,Columbia Elementary School
029,1521,Holmes Middle
029,1521,Oliver Wendell Holmes Middle School
029,1530,Armstrong Elementary
029,1540,Union Mill Elementary
029,1540,Union Mill Elementary School
029,1550,Walt Whitman Middle School
029,1550,Whitman Middle
029,1570,Lake Anne Elementary
029,1570,Lake Anne Elementary School
029,1580,Westbriar Elementary
029,1580,Westbriar Elementary School
029,1590,Canterbury Woods Elementary
029,1590,Canterbury Woods Elementary School
029,1600,Cub Run Elementary
029,1600,Cub Run Elementary School
029,1610,West Springfield High
029,1610,West Springfield High School
029,1620,Spring Hill Elementary
029,1620,Spring Hill Elementary School
029,1630,Fairhill Elementary
029,1630,Fairhill Elementary School
029,1640,Mount Vernon Woods Elementary
029,1640,Mount Vernon Woods Elementary School
029,1650,Olde Creek Elementary
029,1650,Olde Creek Elementary School
029,1660,Shrevewood Elementary
029,1660,Shrevewood Elementary School
029,1670,Westgate Elementary
029,1670,Westgate Elementary School
029,1680,Silverbrook Elementary
029,1680,Silverbrook Elementary School
029,1690,Cardinal Forest Elementary
029,1690,Cardinal Forest Elementary School
029,1700,Cunningham Park Elementary
029,1700,Cunningham Park Elementary School
029,1710,Oakton High
029,1710,Oakton High School
029,1730,Beech Tree Elementary
029,1730,Beech Tree Elementary School
029,1740,Hayfield Elementary
029,1740,Hayfield Elementary School
029,1760,Joyce Kilmer Middle School
029,1760,Kilmer Middle
029,1761,Kilmer Center
029,1770,Rolling Valley Elementary
029,1770,Rolling Valley Elementary School
029,1790,Brookfield Elementary
029,1790,Brookfield Elementary School
029,1800,Hayfield Secondary
029,1800,Hayfield Secondary School
029,1810,Wolftrap Elementary
029,1810,Wolftrap Elementary School
029,1820,Riverside Elementary
029,1820,Riverside Elementary School
029,1830,London Towne Elementary
029,1830,London Towne Elementary School
029,1840,Greenbriar East Elementary
029,1840,Greenbriar East Elementary School
029,1850,Lees Corner
029,1850,Lees Corner Elementary
029,1850,Lees Corner Elementary School
029,1860,Oak View Elementary
029,1860,Oak View Elementary School
029,1870,Clermont Elementary
029,1870,Clermont Elementary School
029,1880,Hunt Valley Elementary
029,1880,Hunt Valley Elementary School
029,1890,Kings Glen Elementary
029,1890,Kings Glen Elementary School
029,1900,Francis Scott Key Middle School
029,1900,Key Middle
029,1901,Key Center
029,1901,Key Center School
029,1920,Fort Hunt Elementary
029,1920,Fort Hunt Elementary School
029,1940,Camelot Elementary
029,1940,Camelot Elementary School
029,1950,Hunters Woods Elementary
029,1950,Hunters Woods Elementary School for the Arts and Sciences
029,1960,James W. Robinson Jr. Secondary School
029,1960,Robinson Secondary
029,1970,Laurel Ridge Elementary
029,1970,Laurel Ridge Elementary School
029,1980,Hutchison Elementary
029,1980,Hutchison Elementary School
029,1990,South Lakes High
029,1990,South Lakes High School
029,2000,Bonnie Brae Elementary
029,2000,Bonnie Brae Elementary School
029,2010,Dranesville Elementary
029,2010,Dranesville Elementary School
029,2020,A. Scott Crossfield Elementary School
029,2020,Crossfield Elementary
029,2030,Sangster Elementary
029,2030,Sangster Elementary School
029,2040,Saratoga Elementary
029,2040,Saratoga Elementary School
029,2050,Virginia Run Elementary
029,2050,Virginia Run Elementary School
029,2060,Willow Springs Elementary
029,2060,Willow Springs Elementary School
029,2070,Ormond Stone Middle School
029,2070,Stone Middle
029,2080,Poplar Tree Elementary
029,2080,Poplar Tree Elementary School
029,2090,Centre Ridge Elementary
029,2090,Centre Ridge Elementary School
029,2100,Waples Mill Elementary
029,2100,Waples Mill Elementary School
029,2201,Bryant Alternative High
029,2201,Bryant Alternative High School
029,2202,Pimmit Hills Alternative High
029,2202,Pimmit Hills Alternative High School
029,2203,Aldrin Elementary
029,2203,Buzz Aldrin Elementary School
029,2204,Deer Park Elementary
029,2204,Deer Park Elementary School
029,2205,Centreville Elementary
029,2205,Centreville Elementary School
029,2209,Anthony T. Lane Elementary School
029,2209,Lane Elementary
029,2210,Halley Elementary
029,2210,William Halley Elementary School
029,2211,Mountain View Alternative High
029,2211,Mountain View Alternative High School
029,2211,Mountain View School
029,2222,Carson Middle
029,2222,Rachel Carson Middle School
029,2224,Fort Belvoir Elementary
029,2224,Fort Belvoir Elementary School
029,2225,Bull Run Elementary
029,2225,Bull Run Elementary School
029,2228,Westfield High
029,2228,Westfield High School
029,2229,Daniels Run Elementary
029,2229,Daniels Run Elementary School
029,2230,Providence Elementary
029,2230,Providence Elementary School
029,2231,McNair Elementary
029,2231,McNair Elementary School
029,2231,Mcnair Elementary
029,2233,Liberty Middle
029,2233,Liberty Middle School
029,2234,Colvin Run Elementary
029,2234,Colvin Run Elementary School
029,2235,Island Creek Elementary
029,2235,Island Creek Elementary School
029,2236,Lorton Station Elementary
029,2236,Lorton Station Elementary School
029,2237,Colin L. Powell Elementary School
029,2237,Powell Elementary
029,2238,Devonshire E.C. Resource Ctr.
029,2238,Devonshire Preschool
029,2239,Lorton Preschool
029,2241,South County Secondary
029,2241,South County Secondary School
029,2243,Eagle View Elem.
029,2243,Eagle View Elementary
029,2243,Eagle View Elementary School
029,2251,Rocky Run E.C. Resource Ctr.
029,2252,Virginia Hills E.C. Resource Ctr.
029,2347,Coates Elementary
029,2347,Coates Elementary School
029,2348,Laurel Hill Elementary
029,2348,Laurel Hill Elementary School
029,9996,DJJ or Fairfax/Falls Church Community SVCS BD Schools
030,,
030,0010,Marshall Middle
030,0020,Mary Walter Elementary
030,0120,Claude Thompson Elementary
030,0450,Grace Miller Elementary
030,0460,C. Hunter Ritchie Elementary
030,0510,Kettle Run High
030,0510,Kettle Run High School
030,0511,Greenville Elementary
030,0511,Greenville Elementary School
030,0520,Cedar Lee Middle
030,0530,Margaret M. Pierce Elementary
030,0660,Warrenton Middle
030,0670,W. C. Taylor Middle
030,0670,W.C. Taylor Middle
030,0701,Fauquier High
030,0720,P. B. Smith Elementary
030,0720,P.B. Smith Elementary
030,0730,C. M. Bradley Elementary
030,0730,C.M. Bradley Elementary
030,0740,W. G. Coleman Elementary
030,0740,W.G. Coleman Elementary
030,0750,H. M. Pearson Elementary
030,0750,H.M. Pearson Elementary
030,0851,Liberty High
030,0853,James G. Brumfield Elementary
030,0854,Auburn Middle
031,,
031,0090,Check Elementary
031,0360,Floyd Elementary
031,0500,Willis Elementary
031,0650,Indian Valley Elementary
031,0660,Floyd County High
032,,
032,0020,Fluvanna Middle
032,0260,Fluvanna County High
032,0270,Columbia Dist. Elementary
032,0270,Columbia District Elementary
032,0290,Cunningham Dist. Elementary
032,0290,Cunningham District Elementary
032,0300,Central Elementary
033,,
033,0010,Henry Elementary
033,0020,Dudley Elementary
033,0031,Ben. Franklin Middle-West
033,0031,Benjamin Franklin Middle-West
033,0032,Ben. Franklin Middle-East
033,0032,Benjamin Franklin Middle-East
033,0350,Callaway Elementary
033,0660,Lee M. Waid Elementary
033,0690,Glade Hill Elementary
033,0960,Sontag Elementary
033,0980,Windy Gap Elementary
033,0980,Windy Gap Elementary School
033,1170,Snow Creek Elementary
033,1311,Franklin County High
033,1320,Burnt Chimney Elementary
033,1360,Ferrum Elementary
033,1370,Boones Mill Elementary
033,1380,Rocky Mount Elementary
033,1481,Center For Apl Tech&Career Expl
033,1481,Center For Applied Technology & Career Exploration 
033,1481,Center for Applied Technology & Career Exploration 
034,,
034,0010,Apple Pie Ridge Elementary
034,0020,Bass-Hoover Elementary
034,0030,James Wood High
034,0040,Indian Hollow Elementary
034,0320,Armel Elementary
034,0340,Middletown Elementary
034,0380,Gainesboro Elementary
034,0410,Stonewall Elementary
034,0420,James Wood Middle
034,0460,Frederick County Middle
034,0470,Senseny Road Elementary
034,0480,Robert E. Aylor Middle
034,0581,Sherando High
034,0582,Redbud Run Elementary
034,0583,Orchard View Elementary
034,0584,Millbrook High
034,0586,Admiral Richard E. Byrd Middle
034,0587,Evendale Elementary
034,0590,Greenwood Mill Elementary
035,,
035,0010,Eastern Comb School
035,0010,Eastern Elementary/Middle 
035,0390,Macy McClaugherty Combined 
035,0390,Macy Mcclaugherty Comb.
035,0390,Macy Mcclaugherty Elementary/Middle
035,0400,Narrows Comb.
035,0400,Narrows Elementary/Middle 
035,0461,Giles High
035,0470,Narrows High
036,,
036,0090,Page Middle
036,0100,Botetourt Elementary
036,0140,Thomas C. Walker Elementary
036,0240,Achilles Elementary
036,0250,Abingdon Elementary
036,0260,Gloucester High
036,0270,Petsworth Elementary
036,0280,Peasley Middle
036,0381,Bethel Elementary
037,,
037,0120,Byrd Elementary
037,0220,Goochland High
037,0260,Randolph Elementary
037,0340,Goochland Middle
037,0360,Goochland Elementary
038,,
038,0011,Independence Middle
038,0030,Providence Elementary
038,0160,Elk Creek Elementary
038,0421,Grayson County High
038,0422,Independence Elementary
038,0430,Grayson Highlands School
038,0440,Baywood Elementary
038,0480,Fairview Elementary
038,0570,Bridle Creek Elementary
038,0710,Mount Rogers Combined 
038,0710,Mt. Rogers Comb.
038,0910,Fries Middle School
038,0911,Fries Middle
038,0911,Fries Middle School
039,,
039,0010,Greene County Primary
039,0020,Nathanael Greene Elementary
039,0030,Ruckersville Elementary
039,0071,William Monroe Middle
039,0072,William Monroe High
040,,
040,0050,Greensville Elementary
040,0190,Edward W. Wyatt Middle
040,0200,Greensville County High
040,0260,Belfield Elementary
041,,
041,0010,Halifax County High
041,0020,Cluster Springs Elementary
041,0020,Cluster Springs Elementary School
041,0030,South Boston Elementary
041,0950,South Boston/Halifax Early Learning Center
041,1060,Turbeville Elementary
041,1440,Halifax Elementary
041,1480,Halifax County Middle
041,1490,Sydnor Jennings Elementary
041,1500,Cluster Springs Elementary
041,1501,Cluster Springs Early Learning Center
041,1510,Scottsburg Elementary
041,1520,Sinai Elementary
041,1521,Sinai Elementary
041,1521,Sinai Elementary School
041,1530,South Of Dan Elementary
041,1540,Wilson Memorial Elementary
041,1550,Meadville Elementary
041,1560,Clays Mill Elementary
041,1662,Washington-Coleman Elementary
041,1663,C. H. Friend Elementary School
042,,
042,0020,Beaverdam Elementary
042,0030,Rural Point Elementary
042,0040,South Anna Elementary
042,0061,Chickahominy Middle
042,0062,Atlee High
042,0070,Cold Harbor Elementary
042,0150,Henry Clay Elementary
042,0162,John M. Gandy Elementary
042,0200,Kersey Creek Elementary
042,0210,Laurel Meadow Elementary
042,0290,Washington Henry Elementary
042,0290,Washington-Henry Elementary 
042,0360,Battlefield Park Elementary
042,0370,Lee Davis High
042,0400,Patrick Henry High
042,0410,Pearson's Corner Elementary
042,0420,Mechanicsville Elementary
042,0430,Elmont Elementary
042,0440,Stonewall Jackson Middle
042,0450,Liberty Middle
042,0551,Cool Spring Elementary
042,0552,Pole Green Elementary
042,0553,Oak Knoll Middle
042,0554,Hanover High
043,,
043,0010,Three Chopt Elementary
043,0020,Glen Allen Elementary
043,0040,Va. Randolph Comm. High
043,0040,Virginia Randolph Community High 
043,0050,Longdale Elementary
043,0060,Short Pump Elementary
043,0070,New Bridge School
043,0080,Short Pump Middle
043,0090,Ridge Elementary
043,0092,Elko Middle
043,0092,Elko Middle School
043,0093,Colonial Trail Elementary
043,0093,Colonial Trail Elementary School
043,0094,Harvie Elementary
043,0095,Holman Middle 
043,0096,Glen Allen High
043,0100,Hungary Creek Middle 
043,0100,Hungary Creek Middle School
043,0120,Cashell Donahoe Elementary
043,0120,Donahoe Elementary
043,0130,John Rolfe Middle
043,0130,Rolfe Middle
043,0140,Godwin High
043,0140,Mills E. Godwin High
043,0150,Gayton Elementary
043,0160,Deep Run High
043,0190,Highland Springs High
043,0200,Fair Oaks Elementary
043,0210,Montrose Elementary
043,0220,Sandston Elementary
043,0230,Springfield Park Elementary
043,0240,Rivers Edge Elementary
043,0250,L. Douglas Wilder Middle
043,0260,Greenwood Elementary 
043,0260,Greenwood Elementary School
043,0270,Nuckols Farm Elementary
043,0280,Pocahontas Middle
043,0290,Varina Elementary
043,0300,Echo Lake Elementary
043,0310,Twin Hickory Elementary
043,0320,Arthur Ashe Jr. Elementary 
043,0320,"Arthur Ashe, Jr. Elementary"
043,0330,Henry D. Ward Elementary
043,0330,Ward Elementary
043,0350,Mount Vernon Middle 
043,0350,Mt. Vernon Middle
043,0360,Tuckahoe Elementary
043,0370,Lakeside Elementary
043,0380,Glen Lea Elementary
043,0390,George H. Moody Middle
043,0390,Moody Middle
043,0400,Crestview Elementary
043,0410,Douglas S. Freeman High
043,0410,Freeman High
043,0420,Harold Macon Ratcliffe Elementary
043,0420,Ratcliffe Elementary
043,0430,Laburnum Elementary
043,0440,Pemberton Elementary
043,0450,Anthony P. Mehfoud Elementary
043,0450,Mehfoud Elementary
043,0470,Baker Elementary
043,0470,George F. Baker Elementary
043,0480,Skipwith Elementary
043,0490,Maude Trevvett Elementary
043,0490,Trevvett Elementary
043,0500,Brookland Middle
043,0510,Fairfield Middle
043,0520,Tuckahoe Middle
043,0530,Charles M. Johnson Elementary
043,0530,Johnson Elementary
043,0540,Maybeury Elementary
043,0550,Seven Pines Elementary
043,0570,Pinchbeck Elementary
043,0580,Varina High
043,0590,Chamberlayne Elementary
043,0600,John RandolphTucker High
043,0600,John Randolphtucker High
043,0600,Tucker High
043,0610,Henrico High
043,0620,Davis Elementary
043,0620,Jackson Davis Elementary
043,0630,Longan Elementary
043,0630,R.C. Longan Elementary
043,0640,Highland Springs Elementary
043,0650,Carver Elementary
043,0650,Ruby F. Carver Elementary
043,0660,Adams Elementary
043,0660,Jacob L. Adams Elementary
043,0670,Hermitage High
043,0680,Elizabeth Holladay Elementary
043,0680,Holladay Elementary
043,0690,Byrd Middle
043,0690,Harry F. Byrd Middle
043,0700,Dumbarton Elementary
043,0710,Shady Grove Elementary
043,0920,Elko Middle School
043,0930,Colonial Trail Elementary School
044,,
044,0010,Bassett High
044,0020,Magna Vista High
044,0220,Sanville Elementary
044,0361,new Axton Elementary
044,0480,Carver Elementary 
044,0480,Carver Elementary School
044,0530,Drewry Mason Elementary
044,0530,Ridgeway Elementary
044,0590,Campbell Court Elementary
044,0620,Fieldale-Collinsville Middle 
044,0620,Fieldale-Collinsville Middle School
044,0630,Irisburg Elementary
044,0661,John Redd Smith Elementary
044,0662,Collinsville Primary
044,0670,Laurel Park Middle 
044,0670,Laurel Park Middle School
044,0740,Rich Acres Elementary
044,0750,Axton Elementary 
044,0750,Axton Elementary School
044,0760,Stanleytown Elementary
044,0872,Mount Olivet Elementary 
044,0872,Mt. Olivet Elementary
045,,
045,0110,Highland Elementary
045,0220,Highland High
046,,
046,0040,Smithfield High
046,0050,Smithfield Middle
046,0240,Windsor Elementary
046,0250,Windsor High
046,0280,Carrsville Elementary
046,0320,Hardy Elementary
046,0421,Carrollton Elementary
046,0422,Windsor Middle
046,0424,Westside Elementary
048,,
048,0010,King George Middle
048,0050,Potomac Elementary
048,0100,King George Elementary
048,0120,King George High
048,0221,Sealston Elementary 
048,0221,Sealston Elementary School
049,,
049,0200,King & Queen Elementary
049,0280,Central High
049,0290,Lawson-Marriott Elementary
050,,
050,0130,King William High
050,0160,Hamilton Holmes Middle
050,0180,Acquinton Elementary
050,0190,Cool Spring Primary
051,,
051,0010,Lancaster High
051,0110,Lancaster Middle
051,0210,Lancaster Primary
052,,
052,0020,Keokee Elementary
052,0160,Dryden Elementary
052,0200,St. Charles Elementary
052,0290,Pennington Middle
052,0300,Lee High
052,0330,Elk Knob Elementary
052,0340,Stickleyville Elementary
052,0470,Jonesville Middle
052,0630,Flatwoods Elementary
052,0670,Rose Hill Elementary
052,0760,Ewing Elementary
052,0820,Elydale Elementary
052,0880,Thomas Walker High
053,,
053,0010,Sugarland Elementary
053,0020,J. Lupton Simpson Middle
053,0030,Seneca Ridge Middle
053,0031,Dominion High
053,0040,Rolling Ridge Elementary
053,0060,Park View High
053,0070,Meadowland Elementary
053,0080,Leesburg Elementary
053,0090,Smart's Mill Middle 
053,0090,Smart's Mill Middle School
053,0091,Frances Hazel Reid Elementary
053,0110,Hillsboro Elementary
053,0120,Freedom High 
053,0120,Freedom High School
053,0130,Lucketts Elementary
053,0140,Potomac Falls High
053,0150,Algonkian Elementary
053,0160,Cool Spring Elementary
053,0170,Ashburn Elementary
053,0180,Round Hill Elementary
053,0190,Evergreen Mill Elementary
053,0200,Tuscarora High
053,0210,Farmwell Station Middle
053,0220,Ball's Bluff Elementary
053,0230,Hamilton Elementary
053,0240,Sanders Corner Elementary
053,0250,Potowmack Elementary
053,0270,Newton-Lee Elementary 
053,0270,Newton-Lee Elementary School
053,0280,Sycolin Creek Elementary
053,0280,Sycolin Creek Elementary School
053,0290,Lincoln Elementary
053,0300,Belmont Station Elementary 
053,0300,Belmont Station Elementary School
053,0320,Mercer Middle 
053,0320,Mercer Middle School
053,0340,Pinebrook Elementary
053,0350,Steuart W. Weller Elementary
053,0350,Steuart W. Weller Elementary School
053,0400,Hillside Elementary
053,0420,Briar Woods High 
053,0420,Briar Woods High School
053,0430,Legacy Elementary 
053,0430,Legacy Elementary School
053,0450,Buffalo Trail Elementary
053,0470,Dominion Trail Elementary
053,0490,Middleburg Elementary
053,0500,Lowes Island Elementary
053,0510,Aldie Elementary
053,0520,Harper Park Middle
053,0540,Creighton's Corner Elementary
053,0540,Creighton's Corner Elementary School
053,0550,Rosa Lee Carter Elementary
053,0560,Liberty Elementary
053,0560,Liberty Elementary School
053,0570,Stone Hill Middle
053,0570,Stone Hill Middle School
053,0590,Woodgrove High
053,0600,Kenneth W.Culbert Elementary
053,0610,Arcola Elementary
053,0610,Arcola Elementary School
053,0650,Banneker Elementary
053,0660,Loudoun County High
053,0680,Loudoun Valley High
053,0690,Sterling Elementary
053,0700,Waterford Elementary
053,0710,Catoctin Elementary
053,0720,Guilford Elementary
053,0730,Emerick Elementary
053,0740,Broad Run High
053,0750,Sully Elementary
053,0760,Sterling Middle
053,0780,Lovettsville Elementary
053,0790,Blue Ridge Middle
053,0820,Horizon Elementary
053,0840,Cedar Lane Elementary
053,0850,Stone Bridge High
053,0860,Little River Elementary
053,0870,Seldens Landing Elementary
053,0880,Eagle Ridge Middle
053,0890,Countryside Elementary
053,0900,Heritage High
053,0910,Mill Run Elementary
053,0920,Harmony Intermediate
053,0930,River Bend Middle
053,0940,Belmont Ridge Middle
053,0950,John W. Tolbert Jr. Elementary 
053,0950,"John W. Tolbert, Jr. Elementary"
053,0960,Hutchison Farm Elementary
053,0960,Hutchison Farms Elementary
053,0970,Forest Grove Elementary
053,0980,Mountain View Elementary
054,,
054,0080,Moss-Nuckols Elementary
054,0601,Louisa County Middle
054,0602,Louisa County High
054,0610,Thomas Jefferson Elementary
054,0641,Trevilians Elementary
054,0660,Jouett Elementary
055,,
055,0140,Victoria Elementary
055,0171,Lunenburg Middle
055,0240,Kenbridge Elementary
055,0560,Central High
056,,
056,0200,Waverly Yowell Elementary
056,0221,Madison County High
056,0222,William H. Wetsel Middle
056,0230,Madison Primary
057,,
057,0100,Thomas Hunter Middle
057,0190,Mathews High
057,0291,Lee-Jackson Elementary
058,,
058,0190,South Hill Elementary
058,0910,Chase City Elementary
058,0930,Boydton Elementary
058,0950,Park View Middle
058,0960,Bluestone Middle
058,0980,Bluestone  High
058,0990,Park View High
058,1000,Clarksville Elementary
058,1010,Buckhorn Elementary
058,1020,LaCrosse Elementary 
058,1020,Lacrosse Elementary
059,,
059,0090,Middlesex High
059,0140,St. Clare Walker Middle
059,0291,Middlesex Elementary
060,,
060,0010,Harding Avenue Elementary
060,0030,Eastern Montgomery Elementary
060,0210,Prices Fork Elementary
060,0290,Shawsville Middle
060,0600,Falling Branch Elementary
060,0650,Auburn High
060,0671,Christiansburg Middle
060,0700,Belview Elementary
060,0710,Blacksburg Middle
060,0720,Elliston Lafayette Elementary
060,0720,Elliston-Lafayette Elementary 
060,0730,Margaret Beeks Elementary
060,0740,Christiansburg Elementary
060,0750,Gilbert Linkous Elementary
060,0760,Blacksburg High
060,0770,Christiansburg High
060,0780,Christiansburg Primary
060,0800,Shawsville Elementary
060,0901,Kipps Elementary
060,0902,Auburn Elementary
060,0903,Auburn Middle
060,0904,Eastern Montgomery High
062,,
062,0010,Rockfish River Elementary
062,0020,Tye River Elementary
062,0710,Nelson County High
062,0730,Nelson Middle
063,,
063,0010,New Kent County Primary
063,0010,New Kent Elementary 
063,0020,New Kent County High
063,0020,New Kent High 
063,0100,New Kent Middle
063,0100,New Kent Middle 
063,0180,George W. Watkins Elementary
065,,
065,0340,Northampton Middle
065,0350,Northampton High
065,0451,Occohannock Elementary
065,0452,Kiptopeke Elementary
066,,
066,0040,Northumberland High
066,0210,Northumberland Middle
066,0331,Northumberland Elementary
067,,
067,0300,Nottoway Intermediate
067,0301,Nottoway High
067,0302,Nottoway Middle
067,0310,Burkeville Elementary
067,0330,Crewe Primary
067,0340,Blackstone Primary
068,,
068,0050,Locust Grove Elementary
068,0070,Lightfoot Elementary
068,0330,Orange Co. High
068,0330,Orange County High 
068,0340,Prospect Heights Middle
068,0350,Unionville Elementary
068,0360,Gordon Barbour Elementary
068,0370,Orange Elementary
068,0471,Locust Grove Middle
069,,
069,0050,Springfield Elementary
069,0050,Springfield Elementary School 
069,0110,Luray High
069,0110,Luray High School 
069,0210,Stanley Elementary
069,0210,Stanley Elementary School 
069,0300,Grove Hill Elementary
069,0300,Grove Hill Elementary School
069,0310,Shenandoah Elementary
069,0310,Shenandoah Elementary School 
069,0350,Luray Elementary
069,0350,Luray Elementary School 
069,0380,Page County High
069,0380,Page County High School
069,0390,Page County Middle
069,0390,Page County Middle School
069,0400,Luray Middle
069,0400,Luray Middle School
070,,
070,0080,Woolwine Elementary
070,0150,Meadows Of Dan Elementary
070,0150,Meadows Of Dan Elementary 
070,0150,Meadows of Dan Elementary 
070,0320,Stuart Elementary
070,0350,Hardin Reynolds Elementary
070,0440,Blue Ridge Elementary
070,0680,Patrick Springs Elementary
070,0700,Patrick County High
071,,
071,0030,John L. Hurt Elementary
071,0280,Gretna Elementary
071,0290,Gretna Middle
071,0640,Chatham Elementary
071,1090,Dan River Middle
071,1130,Tunstall Middle
071,1460,Southside Elementary
071,1660,Chatham Middle
071,1680,Dan River Senior High
071,1680,Dan River Sr. High
071,1690,Kentuck Elementary
071,1700,Gretna Senior High
071,1700,Gretna Sr. High
071,1710,Stony Mill Elementary
071,1720,Chatham High
071,1730,Tunstall Senior High
071,1730,Tunstall Sr. High
071,1740,Union Hall Elementary
071,1750,Mount Airy Elementary
071,1750,Mt. Airy Elementary
071,1851,Twin Springs Elementary
071,1853,Brosville Elementary 
071,1853,Brosville Elementary School
072,,
072,0011,Powhatan High
072,0013,Powhatan Elementary
072,0021,Flat Rock Elementary
072,0130,Powhatan Jr. High
072,0130,Powhatan Junior High
072,0231,Pocahontas Elementary
072,0232,Pocahontas Middle
073,,
073,0010,Prince Edward Elementary
073,0020,Prince Edward Middle
073,0400,Prince Edward County High
074,,
074,0020,Prince George High
074,0270,N. B. Clements Junior High School
074,0270,N.B. Clements Junior High 
074,0280,William A. Walton Elementary
074,0290,North Elementary
074,0300,South Elementary
074,0310,L. L. Beazley Elementary
074,0310,L.L. Beazley Elementary
074,0320,J. E. J. Moore Middle School
074,0320,J.E.J. Moore Middle 
074,0340,David A. Harrison Elementary
075,,
075,0020,Sudley Elementary
075,0030,Minnieville Elementary
075,0040,Rockledge Elementary
075,0060,Woodbridge High
075,0070,Kerrydale Elementary
075,0080,Osbourn Park High
075,0120,Enterprise Elementary
075,0130,John F. Pattie Sr. Elementary
075,0140,Potomac High
075,0150,Nokesville Elementary
075,0160,Martin Luther King Jr Elementary
075,0160,Martin Luther King Jr. Elementary
075,0170,Potomac Middle
075,0180,Lake Ridge Elementary
075,0190,Woodbine
075,0190,Woodbine Pre-School Center
075,0200,Ashland Elementary
075,0220,J. W. Alvey Elementary
075,0220,J.W. Alvey Elementary
075,0231,Mary G. Porter Traditional
075,0240,Mary Williams Elementary 
075,0240,Mary Williams Elementary School
075,0260,Occoquan Elementary
075,0270,Suella G. Ellis Elementary
075,0270,Suella G. Ellis Elementary School
075,0280,Dumfries Elementary
075,0290,Battlefield High 
075,0290,Battlefield High School
075,0300,Freedom High 
075,0300,Freedom High School
075,0320,Springwoods Elementary
075,0330,A. Henderson Elementary
075,0340,Glenkirk Elementary
075,0350,Yorkshire Elementary
075,0360,Samuel L. Gravely Jr. Elementary
075,0360,Samuel L. Gravely Jr. Elementary School
075,0370,Fannie W. Fitzgerald Elementary
075,0370,Fannie W. Fitzgerald Elementary School
075,0380,Herbert J Saunders Middle
075,0380,Herbert J. Saunders Middle
075,0390,Victory Elementary
075,0430,Triangle Elementary
075,0440,R. Dean Kilby Elementary
075,0450,Featherstone Elementary
075,0460,Loch Lomond Elementary
075,0480,Stonewall Middle
075,0490,E. H. Marsteller Middle
075,0490,E.H. Marsteller Middle
075,0500,Signal Hill Elementary
075,0501,Parkside Middle
075,0510,Graham Park Middle
075,0520,Fred M. Lynn Middle
075,0530,Brentsville District High
075,0540,West Gate Elementary
075,0550,Potomac View Elementary
075,0560,Woodbridge Middle
075,0570,Marumsco Hills Elementary
075,0580,Elizabeth Vaughan Elementary
075,0591,Rippon Middle
075,0600,Belmont Elementary
075,0610,Dale City Elementary
075,0620,C. A. Sinclair Elementary
075,0620,C.A. Sinclair Elementary
075,0630,George G. Tyler Elementary
075,0640,Mills E. Godwin Middle
075,0660,Coles Elementary
075,0670,Bel Air Elementary
075,0680,Stonewall Jackson High
075,0690,Gar-Field High
075,0700,Neabsco Elementary
075,0710,C. D. Hylton High
075,0710,C.D. Hylton High
075,0720,Lake Ridge Middle
075,0730,Sharon C. McAuliffe Elementary
075,0730,Sharon C. Mcauliffe Elementary
075,0740,Westridge Elementary
075,0750,River Oaks Elementary
075,0760,Antietam Elementary
075,0770,George P. Mullen Elementary
075,0780,Stuart M. Beville Middle
075,0790,Thurgood Marshall Elementary
075,0800,Montclair Elementary
075,0810,Mountain View Elementary
075,0820,Old Bridge Elementary
075,0830,Leesylvania Elementary
075,0840,Bennett Elementary
075,0850,Sonnie Penn Elementary
075,0860,Bristow Run Elementary
075,0870,Forest Park High
075,0880,Louise A. Benton Middle
075,0890,Swans Creek Elementary
075,0900,Cedar Point Elementary
075,0920,Bull Run Middle
075,0941,Rosa Parks Elementary
075,0945,Pennington School
075,0950,Buckland Mills Elementary
075,0960,Gainesville Middle
075,0960,Gainesville Middle School
077,,
077,0010,Pulaski County Senior High
077,0010,Pulaski County Sr. High
077,0020,Critzer Elementary
077,0230,Pulaski Elementary 
077,0230,Pulaski Elementary School
077,0260,Newbern Elementary
077,0430,Snowville Elementary
077,0460,Pulaski Middle
077,0500,Riverlawn Elementary
077,0530,Dublin Middle
077,0540,Dublin Elementary
078,,
078,0230,Rappahannock Co. High
078,0230,Rappahannock County High
078,0230,Rappahannock County High School
078,0240,Rappahannock County Elementary
078,0240,Rappahannock County Elementary School
078,0240,Rappahannock Elementary
079,,
079,0020,Richmond County Elementary
079,0020,Richmond County Elementary School
079,0190,Richmond County Int.
079,0190,Richmond County Intermediate
079,0190,Richmond County Intermediate School
079,0210,Rappahannock High
079,0210,Rappahannock High School
080,,
080,0010,Hidden Valley Middle
080,0040,Fort Lewis Elementary
080,0050,Penn Forest Elementary
080,0060,W. E. Cundiff Elementary
080,0060,W.E. Cundiff Elementary
080,0180,Burlington Elementary
080,0232,William Byrd Middle
080,0290,Mount Pleasant Elementary
080,0290,Mt. Pleasant Elementary
080,0330,Clearbrook Elementary
080,0420,Back Creek Elementary
080,0440,Bent Mountain Elementary
080,0470,Cave Spring High
080,0480,Oak Grove Elementary
080,0490,Glenvar Elementary
080,0500,Mountain View Elementary
080,0520,Northside High
080,0530,Mason's Cove Elementary
080,0530,Masons Cove Elementary
080,0540,Herman L. Horn Elementary
080,0560,Cave Spring Elementary
080,0600,Green Valley Elementary
080,0610,Glenvar High
080,0620,Cave Spring Middle
080,0630,William Byrd High
080,0640,Northside Middle
080,0650,Glen Cove Elementary
080,0751,Glenvar Middle
080,0752,Bonsack Elementary
080,0754,Hidden Valley High
081,,
081,0022,Rockbridge County High
081,0022,Rockbridge County High 
081,0150,Fairfield Elementary
081,0340,Mountain View Elementary
081,0630,Effinger Elementary
081,0641,Natural Bridge Elementary
081,0650,Central Elementary
081,0678,Maury River Middle
081,0680,Rockbridge Middle
082,,
082,0010,Plains Elementary
082,0020,Spotswood High
082,0360,Linville-Edom Elementary
082,0390,River Bend Elementary
082,0391,East Rockingham High
082,0400,Elkton Elementary
082,0500,Lacey Spring Elementary
082,0520,Mountain View Elementary
082,0600,McGaheysville Elementary
082,0600,Mcgaheysville Elementary
082,0830,South River Elementary
082,0850,Turner Ashby High
082,0860,Montevideo Middle
082,0861,Cub Run Elementary
082,0861,Cubrun Elementary School
082,0870,Broadway High
082,0890,Wilbur S. Pence Middle
082,0900,Elkton Middle
082,0920,Ottobine Elementary
082,0940,Fulks Run Elementary
082,0950,Pleasant Valley Elementary
082,0960,J. Frank Hillyard Middle
082,0970,John W. Wayland Elementary
082,1071,John C. Myers Elementary
082,1073,Peak View Elementary
083,,
083,0140,Lebanon High
083,0390,Lebanon Primary
083,0410,Lebanon Elementary
083,0540,Honaker High
083,0580,Belfast Elk Garden Elementary
083,0710,Swords Creek Elementary
083,0791,Castlewood High
083,0792,Castlewood Elementary
083,0800,Givens Elementary
083,0820,Copper Creek Elementary
083,0880,Cleveland Elementary
083,0890,Honaker Elementary
083,0902,Lebanon Middle
084,,
084,0020,Rye Cove Int.
084,0020,Rye Cove Intermediate
084,0042,Dungannon Intermediate
084,0102,Fort Blackmore Elementary
084,0102,Fort Blackmore Primary
084,0220,Nickelsville Elementary
084,0260,Rye Cove High
084,0641,Shoemaker Elementary
084,0670,Hilton Elementary
084,0740,Weber City Elementary
084,0750,Duffield-Pattonsville Primary
084,0750,Duffield-Pattonsville Pry
084,0770,Gate City High
084,0771,Gate City Middle
084,0780,Twin Springs High
084,0790,Yuma Elementary
085,,
085,0020,W. W. Robinson Elementary
085,0020,W.W. Robinson Elementary
085,0030,Peter Muhlenberg Middle
085,0040,North Fork Middle
085,0050,Signal Knob Middle
085,0770,Strasburg High
085,0780,Central High
085,0790,Stonewall Jackson High
085,0810,Sandy Hook Elementary
085,0820,Ashby Lee Elementary
086,,
086,0120,Northwood Middle
086,0250,Northwood High
086,0290,Atkins Elementary
086,0460,Chilhowie High
086,0530,Sugar Grove Comb.
086,0530,Sugar Grove Combined
086,0680,Marion Middle
086,0690,Marion Int.
086,0690,Marion Intermediate
086,0700,Marion Senior High
086,0710,Marion Primary
086,0720,Rich Valley Elementary
086,0730,Chilhowie Elementary
086,0740,Saltville Elementary
086,0851,Chilhowie Middle
087,,
087,0010,Nottoway Elementary
087,0020,Meherrin Elementary
087,0690,Southampton High
087,0700,Southampton Middle
087,0710,Capron Elementary
087,0780,Hunterdale Elementary
087,0780,Riverdale Elementary
088,,
088,0010,Battlefield Elementary
088,0020,Courtland High
088,0022,Courtland Elementary
088,0030,Lee Hill Elementary
088,0040,Chancellor Elementary
088,0050,Battlefield Middle
088,0060,Salem Elementary
088,0130,Robert E. Lee Elementary
088,0220,Post Oak Middle
088,0330,Spotsylvania Middle
088,0340,Berkeley Elementary
088,0350,Livingston Elementary
088,0360,Spotswood Elementary
088,0370,Spotsylvania High
088,0381,Chancellor High
088,0382,Chancellor Middle
088,0390,Smith Station Elementary
088,0400,Brock Road Elementary
088,0501,Courthouse Road Elementary
088,0502,Thornburg Middle
088,0503,Riverview Elementary
088,0504,Wilderness Elementary
088,0505,Ni River Middle
088,0506,Massaponax High
088,0507,Harrison Road Elementary
088,0508,Parkside Elementary
088,0509,Freedom Middle
088,0510,Riverbend High 
088,0510,Riverbend High School
088,0511,Cedar Forest Elementary
088,0511,Cedar Forest Elementary School
089,,
089,0010,Edward E. Drew Jr. Middle
089,0020,Stafford Senior High
089,0020,Stafford Sr. High
089,0030,North Stafford High
089,0040,Andrew G. Wright Middle
089,0041,Garrisonville Elementary
089,0050,Widewater Elementary
089,0060,Rockhill Elementary
089,0111,Stafford Elementary
089,0112,Stafford Middle
089,0162,T. Benton Gayle Middle
089,0230,Ferry Farm Elementary
089,0250,Hartwood Elementary
089,0260,Anne E. Moncure Elementary
089,0270,Grafton Village Elementary
089,0280,Falmouth Elementary
089,0300,Park Ridge Elementary
089,0320,Hampton Oaks Elementary
089,0421,Brooke Point High
089,0422,H.H. Poole Middle
089,0423,Winding Creek Elementary
089,0424,Colonial Forge High
089,0425,Rocky Run Elementary
089,0426,Rodney E. Thompson Middle
089,0427,Kate Waller Barrett Elementary
089,0429,Margaret Brent Elementary 
089,0429,Margaret Brent Elementary School
089,0430,Mountain View High 
089,0430,Mountain View High School
089,0431,Conway Elementary
089,0432,Donald B. Dixon-Lyle R. Smith Middle
089,0433,Anthony Burns Elementary
089,0440,Shirley C. Heim Middle
089,0440,Shirley C. Heim Middle School
090,,
090,0010,Surry County High
090,0020,Surry Elementary
090,0030,Luther P. Jackson Middle
091,,
091,0020,Annie B. Jackson Elementary
091,0020,Sussex Central Middle
091,0050,Ellen W. Chambliss Elementary
091,0340,Sussex Central High
091,0380,Jefferson Elementary
091,0481,Sussex Central Middle
092,,
092,0010,Graham Middle
092,0100,Tazewell Middle
092,0450,North Tazewell Elementary
092,0750,Dudley Primary
092,0821,Richlands High
092,0822,Richlands Elementary
092,0823,Richlands Middle
092,0830,Cedar Bluff Elementary
092,0890,Tazewell High
092,0920,Raven Elementary
092,0930,Pocahontas Combined
092,0940,Graham High
092,0960,Graham Intermediate
092,0980,Springville Elementary
092,1020,Abbs Valley Boissevain El
092,1020,Abbs Valley-Boissevain Elementary
092,1030,Tazewell Elementary
093,,
093,0020,Leslie Fox Keyser Elementary
093,0090,A. S. Rhodes Elementary
093,0090,A.S. Rhodes Elementary
093,0140,E. Wilson Morrison Elementary
093,0230,Warren County High
093,0240,Ressie Jeffries Elementary
093,0250,Skyline High
093,0250,Skyline High School
093,0270,Warren County Middle
093,0371,Hilda J. Barbour Elementary
093,0372,Warren Co. Jr. High
094,,
094,0020,Meadowview Elementary
094,0040,Damascus Middle
094,0050,Rhea Valley Elementary
094,0070,Watauga Elementary
094,0260,Greendale Elementary
094,0620,Wallace Middle
094,1020,Valley Institute Elementary
094,1030,Abingdon High
094,1040,John S. Battle High
094,1050,Patrick Henry High
094,1060,Holston High
094,1070,High Point Elementary
094,1080,Abingdon Elementary
094,1090,Glade Spring Middle
094,1110,E. B. Stanley Middle
094,1110,E.B. Stanley Middle
095,,
095,0120,Washington & Lee High
095,0120,Washington And Lee High
095,0210,Cople Elementary
095,0300,Montross Middle
095,0310,Washington District Elementary
096,,
096,0020,Appalachia Elementary
096,0071,Pound High
096,0073,J.W. Adams Combined
096,0073,J.W. Adams Combined School
096,0320,L. F. Addington Middle
096,0320,L.F. Addington Middle
096,0651,Coeburn Middle
096,0652,Coeburn High
096,0653,Coeburn Primary
096,0710,Appalachia High
096,0871,St. Paul Elementary
096,0872,St. Paul High
096,1000,J. J. Kelly High
096,1000,J.J. Kelly High
096,1010,Powell Valley High
096,1012,Powell Valley Primary
096,1013,Powell Valley Middle
096,1020,Wise Primary
097,,
097,0100,Max Meadows Elementary
097,0190,Spiller Elementary
097,0190,Spiller Primary
097,0201,Rural Retreat Elementary
097,0202,Rural Retreat High
097,0440,Speedwell Elementary
097,0721,George Wythe High
097,0730,Jackson Memorial Elementary
097,0740,Sheffey Elementary
097,0760,Fort Chiswell High
097,1073,Fort Chiswell Middle
097,1074,Rural Retreat Middle
097,1075,Scott Memorial Middle
098,,
098,0010,Magruder Elementary
098,0020,Bruton High
098,0030,York High
098,0050,Tabb Elementary
098,0060,Yorktown Middle
098,0080,Mount Vernon Elementary 
098,0080,Mt. Vernon Elementary
098,0090,Coventry Elementary
098,0140,Grafton Bethel Elementary
098,0160,Dare Elementary
098,0170,Seaford Elementary
098,0180,Bethel Manor Elementary
098,0190,Tabb Middle
098,0200,Queens Lake Middle
098,0210,Yorktown Elementary
098,0220,Waller Mill Elementary
098,0230,Tabb High
098,0332,Grafton High
098,0333,Grafton Middle
098,0335,York River Academy
101,,
101,0010,George Washington Middle
101,0030,Mount Vernon Elementary
101,0050,Patrick Henry Elementary
101,0060,Maury Elementary
101,0080,Lyles-Crouch Elementary
101,0090,Jefferson-Houston Elementary
101,0100,George Mason Elementary
101,0110,Douglas MacArthur Elementary
101,0110,Douglas Macarthur Elementary
101,0120,Charles Barrett Elementary
101,0160,Cora Kelly Magnet Elementary
101,0170,Francis C Hammond Middle
101,0170,Francis C. Hammond Middle
101,0190,William Ramsay Elementary
101,0210,T. C. Williams High
101,0210,T.C. Williams High
101,0220,James K. Polk Elementary
101,0230,John Adams Elementary
101,0240,George Washington 2 Middle
101,0250,Francis Hammond 2 Middle
101,0260,Francis Hammond 3 Middle
101,0333,Samuel W. Tucker Elementary
102,,
102,0010,Virginia Middle
102,0060,Highland View Elementary
102,0070,Stonewall Jackson Elementary
102,0080,Virginia High
102,0090,Washington Lee Elementary
102,0090,Washington-Lee Elementary
102,0100,Joseph Van Pelt Elementary
103,,
103,0040,Enderly Heights Elementary
103,0061,Parry McCluer Middle
103,0061,Parry Mccluer Middle
103,0062,Parry McCluer High
103,0062,Parry Mccluer High
103,0070,F. W. Kling Jr. Elementary
103,0070,F.W. Kling Jr. Elementary
104,,
104,0010,Johnson Elementary
104,0040,Venable Elementary
104,0050,Clark Elementary
104,0070,Burnley-Moran Elementary
104,0090,Greenbrier Elementary
104,0100,Buford Middle
104,0110,Walker Upper Elementary
104,0120,Jackson - Via Elementary
104,0120,Jackson-Via Elementary
104,0140,Charlottesville High
106,,
106,0020,Colonial Heights Middle
106,0030,North Elementary
106,0040,Colonial Heights High
106,0050,Lakeview Elementary
106,0060,Tussing Elementary
107,,
107,0260,Edgemont Primary
107,0350,Covington High
107,0360,Jeter-Watson Intermediate
108,,
108,0020,Forest Hills Elementary
108,0040,Schoolfield Elementary
108,0050,Edwin A. Gibson Middle
108,0139,Langston Focus Center
108,0139,Langston Focus School
108,0170,W. Townes Lea Elementary
108,0180,Irvin W. Taylor Elementary
108,0190,G. L. H. Johnson Elementary
108,0190,G.L.H. Johnson Elementary
108,0200,Grove Park Preschool
108,0210,George Washington High
108,0220,Woodberry Hills Elementary
108,0250,Park Avenue Elementary
108,0260,O. Trent Bonner Middle
108,0260,O. Trent Bonner Middle School
108,1270,Glenwood Elementary
108,1372,Westwood Middle
108,1373,Woodrow Wilson Elementary
108,1374,Galileo Magnet High
108,1377,Fresh Start Academy
109,,
109,0240,Mount Daniel Elementary
109,0240,Mount Daniel School
109,0240,Mt. Daniel Elementary
109,0251,George Mason High
109,0252,Mary Ellen Henderson Middle
109,0260,Thomas Jefferson Elementary
110,,
110,0030,Original Walker-Grant
110,0040,James Monroe High
110,0050,Hugh Mercer Elementary
110,0272,Lafayette Upper Elementary
110,0273,Walker-Grant Middle
111,,
111,0010,Galax Elementary
111,0031,Galax High
111,0032,Galax Middle
112,,
112,0030,Francis Asbury Elementary
112,0050,Phoebus High
112,0070,Francis W. Jones Magnet Middle
112,0080,William Mason Cooper Elementary
112,0110,Wythe Elementary
112,0120,Armstrong Elementary
112,0160,Aberdeen Elementary
112,0180,Samuel P. Langley Elementary
112,0210,Moton Early Childhood Center
112,0250,Jane H. Bryan Elementary
112,0260,Alfred S. Forrest Elementary
112,0270,John B. Cary Elementary
112,0280,Hampton High
112,0290,Francis Mallory Elementary
112,0300,Jefferson Davis Middle
112,0320,Kecoughtan High
112,0330,Barron Elementary
112,0350,Benjamin Syms Middle
112,0360,Tucker-Capps Elementary
112,0370,Phillips Elementary
112,0380,Thomas Eaton Middle
112,0390,Merrimack Elementary
112,0400,Robert E. Lee Elementary
112,0410,Paul Burbank Elementary
112,0420,Christopher C Kraft Elementary
112,0420,Christopher C. Kraft Elementary 
112,0430,Bethel High
112,0440,John Tyler Elementary
112,0450,C. Alton Lindsay Middle
112,0460,Captain John Smith Elementary
112,0470,Booker Elementary
112,0480,C. Vernon Spratley Middle
112,0490,Luther W Machen Elementary
112,0490,Luther W. Machen Elementary 
112,0500,A.W.E. Bassette Elementary
112,0510,Cesar Tarrant Elementary
112,0611,Hampton Harbour Academy
112,0640,Hunter B. Andrews
112,0650,George P.  Phenix Elementary
113,,
113,0012,Harrisonburg High
113,0030,Waterman Elementary
113,0050,Keister Elementary
113,0060,Spotswood Elementary
113,0080,Thomas Harrison Middle
113,0110,Smithland Elementary
113,0110,Smithland Elementary School
113,0111,Skyline Middle
113,0111,Skyline Middle School
113,0191,Stone Spring Elementary
114,,
114,0040,Dupont Elementary
114,0070,Patrick Copeland Elementary
114,0110,Carter G. Woodson Middle
114,0120,Hopewell High
114,0140,Harry E. James Elementary
114,0151,Woodlawn Pre-School Learning Center
114,0151,Woodlawn Pre-School Learning Ctr
115,,
115,0070,Dearington Elementary For Innovation
115,0070,Dearington Elementary/Innovation 
115,0090,T.C. Miller Elementary  For Innovat.
115,0090,T.C. Miller Elementary for Innovation
115,0130,Heritage High
115,0170,Paul L. Dunbar Mid. For Innov.
115,0170,Paul L. Dunbar Middle for Innovation 
115,0190,Robert S. Payne Elementary
115,0250,William M. Bass Elementary
115,0260,E. C. Glass High
115,0260,E.C. Glass High 
115,0270,Perrymont Elementary
115,0290,Bedford Hills Elementary
115,0300,Sheffield Elementary
115,0330,Paul Munro Elementary
115,0340,Sandusky Middle
115,0350,Linkhorne Middle
115,0360,Linkhorne Elementary
115,0370,Sandusky Elementary
115,1102,Heritage Elementary
116,,
116,0010,Martinsville Middle
116,0010,Martinsville Middle 
116,0010,Martinsville Middle School
116,0110,Martinsville High
116,0110,Martinsville High School
116,0222,Albert Harris Elementary
116,0222,Albert Harris Elementary School
116,0223,Patrick Henry Elementary
116,0223,Patrick Henry Elementary School
116,0224,Clearview Early Childhood Center
117,,
117,0020,J. M. Dozier Middle
117,0020,J.M. Dozier Middle 
117,0050,David A. Dutrow Elementary
117,0070,George J. McIntosh Elementary 
117,0070,George J. Mcintosh Elementary
117,0091,Huntington Middle
117,0110,B. T. Washington Middle
117,0110,B.T. Washington Middle 
117,0120,John Marshall Elementary
117,0130,Magruder Elementary
117,0150,Oliver C. Greenwood Elementary
117,0200,L. F. Palmer Elementary
117,0200,L.F. Palmer Elementary 
117,0250,South Morrison Elementary
117,0260,Reservoir Middle
117,0270,Richard T. Yates Elementary
117,0280,Denbigh High
117,0290,T. Ryland Sanford Elementary
117,0300,Joseph H. Saunders Elementary
117,0310,R. O. Nelson Elementary
117,0310,R.O. Nelson Elementary 
117,0320,Willis A. Jenkins Elementary
117,1070,Warwick High
117,1080,Hilton Elementary
117,1120,Newsome Park Elementary
117,1150,Riverside Elementary
117,1170,Carver Elementary
117,1180,Lee Hall Elementary
117,1200,Sedgefield Elementary
117,1210,Hidenwood Elementary
117,1220,Menchville High
117,1230,Richneck Elementary
117,1240,Horace H. Epes Elementary
117,1250,B. C. Charles Elementary
117,1250,B.C. Charles Elementary 
117,1260,Ethel M. Gildersleeve Middle
117,1270,Homer L. Hines Middle
117,1290,Kiln Creek Elementary
117,1393,Crittenden Middle
117,1395,Heritage High
117,1396,Woodside High
117,1398,Deer Park Elementary
117,1400,Mary Passage Middle
117,1401,Magruder Early Childhood Center
117,1402,Denbigh Early Childhood Center
117,1404,Achievable Dream Academy
117,1405,Achievable Dream Middle/High 
117,1405,Achievable Dream Secondary
117,1407,General Stanford Elementary
117,1408,Gatewood Academy
117,1409,Lee Hall Early Childhood Center
117,1410,Watkins Early Childhood Center
118,,
118,0010,Maury High
118,0020,Blair Middle
118,0030,Ruffner Middle
118,0040,Camp Allen Elementary
118,0090,Ghent Elementary
118,0100,Tanners Creek Elementary
118,0131,James Monroe Elementary
118,0150,W. H. Taylor Elementary
118,0150,W.H. Taylor Elementary 
118,0150,Walter Herron Taylor Elementary
118,0180,Lafayette-Winona Middle
118,0190,Ocean View Elementary
118,0210,Larchmont Elementary
118,0220,Chesterfield Academy Elementary
118,0250,Bay View Elementary
118,0390,Granby High
118,0420,Granby Elementary
118,0430,Jacox Elementary
118,0460,Mary Calcott Elementary
118,0471,Willard Model Elementary
118,0480,Richard Bowling Elementary
118,0490,Northside Middle
118,0500,Suburban Park Elementary
118,0510,Berkley/Campostella Early Childhood Education Center
118,0510,ECC-Berkley/Campostella
118,0510,Ecc-Berkley/Campostella
118,0520,Lindenwood Elementary
118,0530,P. B. Young Sr. Elementary
118,0530,P.B. Young Sr. Elementary 
118,0540,Oakwood Elementary
118,0550,Coleman Place Elementary
118,0560,Crossroads Elementary
118,0570,Norview Middle
118,0580,Norview High
118,0610,Ingleside Elementary
118,0620,Norview Elementary
118,0630,Oceanair Elementary
118,0650,Sherwood Forest Elementary
118,0670,Larrymore Elementary
118,0682,Little Creek Elementary
118,0710,Poplar Halls Elementary
118,0730,Rosemont Middle
118,0730,Rosemont Middle 
118,0740,Easton Preschool
118,0750,Fairlawn Elementary
118,0760,Azalea Gardens Middle
118,0760,Azalea Middle
118,0770,Campostella Elementary
118,0780,Tidewater Park Elementary
118,0790,Lake Taylor Middle
118,0800,Tarrallton Elementary
118,0810,Dreamkeepers Academy At J.J. Roberts Elementary
118,0810,Dreamkeepers Academy/J.J. Roberts Elementary 
118,0820,St. Helena Elementary
118,0840,Lake Taylor High
118,0840,Lake Taylor High 
118,0840,Lake Taylor High School
118,0850,Sewells Point Elementary
118,0860,Willoughby Elementary
118,0880,B. T. Washington High
118,0880,B.T. Washington High 
118,2111,Ecc At Stuart
118,2119,School Of Intern'L Studies At Meadowbrook
118,2119,School of International Studies at Meadowbrook 
119,,
119,0020,J. I. Burton High
119,0020,J.I. Burton High 
119,0040,Norton Elementary
120,,
120,0100,Blandford Elementary School
120,0110,A. P. Hill Elementary
120,0110,A.P. Hill Elementary
120,0120,Peabody Middle
120,0121,Peabody Middle
120,0130,Walnut Hill Elementary
120,0160,Westview Early Childhood Education Center
120,0160,Westview Elementary
120,0170,Robert E. Lee Elementary
120,0180,J. E. B. Stuart Elementary
120,0180,J.E.B. Stuart Elementary
120,0200,Petersburg High
120,0210,Vernon Johns Middle
120,0210,Vernon Johns School
120,0211,Vernon Johns Junior High
120,0220,Early Childhood Learning Center
121,,
121,0060,Park View Elementary
121,0160,Churchland Primary & Intermediate
121,0190,Douglass Park Elementary
121,0210,Westhaven Elementary
121,0220,Dac Center
121,0230,John Tyler Elementary
121,0240,I. C. Norcom High
121,0240,I.C. Norcom High
121,0290,Olive Branch Elementary
121,0310,William E. Waters Middle
121,0310,Wm. E. Waters Middle
121,0320,Churchland Middle
121,0321,Churchland Academy Elementary
121,0322,Churchland Preschool Center
121,0500,Churchland High
121,0650,Churchland Elementary
121,1130,Cradock Middle
121,1400,James Hurst Elementary
121,1480,Simonsdale Elementary
121,1630,Hodges Manor Elementary
121,1650,Lakeview Elementary
121,1660,Woodrow Wilson High
121,1766,Brighton Elementary 
121,1766,Brighton Elementary School
121,1769,Victory Elementary
122,,
122,0010,Belle Heth Elementary
122,0020,McHarg Elementary
122,0020,Mcharg Elementary
122,0041,Radford High
122,0042,John N. Dalton Intermediate
123,,
123,0020,Thomas Jefferson High
123,0030,Albert Hill Middle
123,0050,Binford Middle
123,0080,Adult Career Dev. Ctr.
123,0080,Adult Career Development Center
123,0090,Open High
123,0100,Bellevue Elementary
123,0100,Bellevue Model Elementary
123,0130,Overby-Sheppard Elementary
123,0170,Blackwell Elementary
123,0200,William Fox Elementary
123,0210,Swansboro Elementary
123,0230,Ginter Park Elementary
123,0290,George Mason Elementary
123,0311,George W. Carver Elementary
123,0330,Oak Grove/Bellemeade Elementary
123,0390,J. E. B. Stuart Elementary
123,0390,J.E.B. Stuart Elementary
123,0452,Richmond Community High
123,0470,Henderson Middle
123,0480,Thomas C. Boushall Middle
123,0510,Summer Hill/Ruffin Road
123,0510,Summer Hill/Ruffin Road Elementary
123,0580,Mary Munford Elementary
123,0600,John B. Cary Elementary
123,0621,Franklin Military
123,0621,Franklin Military Academy
123,0650,Woodville Elementary
123,0660,Westover Hills Elementary
123,0690,Maymont Elementary
123,0710,Fairfield Court Elementary
123,0730,John Marshall High
123,0741,George Wythe High
123,0750,Amelia Street Sp Ed
123,0750,Amelia Street Special Education
123,0770,Martin Luther King Jr. Middle 
123,0770,"Martin Luther King, Jr. Middle School"
123,0780,A. V. Norrell Elementary
123,0810,Clark Springs Elementary
123,0830,Chimborazo Elementary
123,0850,Armstrong High 
123,0850,Armstrong High School
123,1080,Elkhardt Middle
123,1100,Broad Rock Elementary
123,1400,Elizabeth D. Redd Elementary
123,1440,E. S. H. Greene Elementary
123,1440,E.S.H. Greene Elementary
123,1470,G. H. Reid Elementary
123,1470,G.H. Reid Elementary
123,1480,Southampton Elementary
123,1510,Huguenot High
123,1630,Fred D. Thompson Middle
123,1640,J. B. Fisher Elementary
123,1640,J.B. Fisher Elementary
123,1710,J. L. Francis Elementary
123,1710,J.L. Francis Elementary
123,3101,Chandler Middle
123,3105,Lucille M. Brown Middle
123,3106,Linwood Holton Elementary
123,3107,Miles Jones Elementary
123,3110,Richmond Alternative 
123,3110,Richmond Alternative School
123,3119,Patrick Henry School Of Science And Arts
124,,
124,0020,Crystal Spring Elementary
124,0030,Forest Park Magnet
124,0050,Fallon Park Elementary
124,0060,Morningside Elementary
124,0070,Virginia Heights Elementary
124,0090,Wasena Elementary
124,0110,Highland Park Elementary
124,0110,Highland Park Magnet Elementary
124,0150,Woodrow Wilson Middle
124,0210,Breckinridge Middle
124,0220,Roanoke Academy For Mathematics & Science Elementary
124,0220,Roanoke Academy for Mathematics & Science Elementary
124,0220,Roanoke Acdmy/Math & Sc
124,0230,Stonewall Jackson Middle
124,0240,Oakland Intermediate
124,0240,Preston Park Elementary
124,0280,Addison Aerospace Magnet Middle
124,0300,Garden City Elementary
124,0310,Grandin Court Elementary
124,0320,Huff Lane Intermediate
124,0320,Huff Lane Microvillage
124,0330,Preston Park Primary
124,0340,Lincoln Terrace Elementary
124,0340,Lincoln Terrace Saturn Network
124,0350,Westside Elementary
124,0360,Raleigh Court Elementary
124,0370,Monterey Elementary
124,0380,Fishburn Park Elementary
124,0390,Patrick Henry High
124,0400,William Fleming High
124,0410,Fairview Elementary
124,0410,Fairview Magnet Elementary
124,0420,Hurt Park Elementary
124,0430,Round Hill Montessori
124,0430,Round Hill Montessori Primary
124,0440,William Ruffner Middle
124,0450,James Madison Middle
126,,
126,0030,Robert E. Lee High
126,0030,Robert E. Lee High School
126,0040,Thomas W. Dixon Elementary
126,0040,Thomas W. Dixon Elementary School
126,0070,Bessie Weller Elementary
126,0070,Bessie Weller Elementary School
126,0080,"A. R. Ware, Jr. Elementary"
126,0080,A.R. Ware Elementary School
126,0080,A.R. Ware Jr. Elementary
126,0090,Thomas C. Mc Swain Elementary School
126,0090,Thomas C. McSwain Elementary
126,0090,Thomas C. Mcswain Elementary
126,0110,Shelburne Middle
126,0110,Shelburne Middle School
127,,
127,0050,Booker T. Washington Elementary
127,0070,Oakland Elementary
127,0080,Driver Elementary
127,0090,Florence Bowser Elementary
127,0210,Elephant'S Fork Elementary
127,0210,Elephant's Fork Elementary
127,0210,Elephant`s Fork Elementary
127,0220,Nansemond Parkway Elementary
127,0230,Kilby Shores Elementary
127,0240,Nansemond River High
127,0280,Southwestern Elementary
127,0300,Lakeland High
127,0330,Mack Benn Jr Elementary
127,0330,Mack Benn Jr. Elementary
127,0340,Robertson Elementary
127,0360,Mount Zion Elementary
127,0370,John F. Kennedy Middle
127,0380,John Yeates Middle
127,0390,Forest Glen Middle
127,0391,Northern Shores Elementary
127,0393,King`s Fork Middle
127,0395,King`s Fork High
127,0440,Creekside Elementary
127,0450,Hillpoint Elementary
127,0450,Hillpoint Elementary School
128,,
128,0010,Green Run High
128,0020,White Oaks Elementary
128,0030,Frank W. Cox High
128,0040,Centerville Elementary
128,0050,Salem Middle
128,0060,Birdneck Elementary
128,0080,Kemps Landing Magnet
128,0100,Three Oaks Elementary
128,0106,Diamond Springs Elementary
128,0106,Diamond Springs Elementary School
128,0130,W. T. Cooke Elementary
128,0130,W.T. Cooke Elementary
128,0140,Virginia Beach Middle
128,0230,Creeds Elementary
128,0280,Bayside Elementary
128,0290,Seatack Elementary
128,0300,Shelton Park Elementary
128,0321,Princess Anne High
128,0330,Linkhorn Park Elementary
128,0340,Princess Anne Elementary
128,0350,Thalia Elementary
128,0360,John B. Dey Elementary
128,0390,Woodstock Elementary
128,0400,Thoroughgood Elementary
128,0410,Kempsville Meadows Elementary
128,0420,King'S Grant Elementary
128,0420,King's Grant Elementary
128,0420,Kings Grant Elementary
128,0430,Great Neck Middle
128,0440,Floyd Kellam High
128,0450,Kempsville Elementary
128,0460,Luxford Elementary
128,0470,Williams Elementary
128,0480,Plaza Elementary
128,0490,Pembroke Elementary
128,0500,Malibu Elementary
128,0510,Trantwood Elementary
128,0520,Lynnhaven Elementary
128,0530,Bayside High
128,0540,Hermitage Elementary
128,0550,Arrowhead Elementary
128,0560,Windsor Woods Elementary
128,0570,Old Donation Center
128,0580,Kingston Elementary
128,0590,Alanton Elementary
128,0600,Holland Elementary
128,0610,First Colonial High
128,0620,Kempsville High
128,0630,Brookwood Elementary
128,0640,Plaza Middle
128,0660,Pembroke Meadows Elementary
128,0670,Windsor Oaks Elementary
128,0680,Point O' View Elementary
128,0690,Kempsville Middle
128,0692,Providence Elementary
128,0700,Bayside Middle
128,0710,Newtown Elementary
128,0720,College Park Elementary
128,0730,Lynnhaven Middle
128,0740,Independence Middle
128,0750,Princess Anne Middle
128,0760,North Landing Elementary
128,0770,Green Run Elementary
128,0780,Fairfield Elementary
128,0790,Brandon Middle
128,0800,Indian Lakes Elementary
128,0810,Rosemont Elementary
128,0820,Parkway Elementary
128,0830,Salem Elementary
128,0840,Rosemont Forest Elementary
128,0850,Salem High
128,0870,Glenwood Elementary
128,0880,Ocean Lakes Elementary
128,0900,Red Mill Elementary
128,0910,Tallwood Elementary
128,0920,Tallwood High
128,0931,Landstown Middle
128,0932,Landstown Elementary
128,0940,Strawbridge Elementary
128,0960,Ocean Lakes High
128,0970,Larkspur Middle
128,0980,Corporate Landing Middle
128,0990,Christopher Farms Elementary
128,1020,New Castle Elementary
128,1030,Landstown High
128,1041,Corporate Landing Elementary
130,,
130,0580,Wenonah Elementary
130,0600,Waynesboro High
130,0630,Westwood Hills Elementary
130,0640,Kate Collins
130,0640,Kate Collins Middle
130,0650,Berkeley Glenn Elementary
130,0751,William Perry Elementary
131,,
131,0010,Matthew Whaley Elementary
131,0020,James Blair Middle
131,0040,Clara Byrd Baker Elementary
131,0050,Rawls Byrd Elementary
131,0060,Berkeley Middle
131,0070,Norge Elementary
131,0080,D. J. Montague Elementary
131,0080,D.J. Montague Elementary
131,0090,Lafayette High
131,0100,Toano Middle
131,0190,J. Blaine Blayton Elementary
131,0191,Lois Hornsby Middle
131,0201,James River Elementary
131,0202,Jamestown High
131,0203,Stonehouse Elementary
131,0204,Warhill High
131,0205,Matoaka Elementary
132,,
132,0020,Virginia Ave. Charlotte Dehart
132,0020,Virginia Avenue Charlotte Dehart Elementary 
132,0040,John Handley High
132,0050,Garland R. Quarles Elementary
132,0060,John Kerr Elementary
132,0070,Daniel Morgan Middle
132,0080,Frederick Douglass Elementary
135,,
135,0010,S. P. Morton Elementary
135,0010,S.P. Morton Elementary
135,0020,Franklin High
135,0561,Joseph P. King Jr. Middle
136,,
136,0010,Oscar Smith Middle
136,0040,Thurgood Marshall Elementary
136,0050,George W. Carver Intermediate
136,0080,Oscar F. Smith High
136,0090,Camelot Elementary
136,0100,Deep Creek High
136,0110,Western Branch Primary
136,0120,Great Bridge High
136,0140,Greenbrier Primary
136,0160,Norfolk Highlands Primary
136,0200,Rena B. Wright Primary
136,0210,Deep Creek Elementary
136,0280,Hickory Middle
136,0280,Hickory Middle School
136,0340,Hickory Elementary
136,0560,Crestwood Middle
136,0590,Great Bridge Middle
136,0600,Southwestern Elementary
136,0610,Deep Creek Middle
136,0620,Southeastern Elementary
136,0630,B. M. Williams Primary
136,0630,B.M. Williams Primary
136,0640,Edwin W. Chittum Elementary
136,0660,Deep Creek Central Elementary
136,0680,Great Bridge Primary
136,0700,Crestwood Intermediate
136,0710,Indian River Middle
136,0720,G. A. Treakle Elementary
136,0720,G.A. Treakle Elementary
136,0730,Portlock Primary
136,0740,Western Branch Middle
136,0750,Sparrow Road Intermediate
136,0770,Butts Road Primary
136,0810,Western Branch Int.
136,0810,Western Branch Intermediate
136,0820,Georgetown Primary
136,0830,Indian River High
136,0840,Western Branch High
136,0850,Great Bridge Int.
136,0850,Great Bridge Intermediate
136,0860,Butts Road Int.
136,0860,Butts Road Intermediate
136,0870,Greenbrier Int.
136,0870,Greenbrier Intermediate
136,0890,Hickory High
136,0900,Cedar Road Elementary
136,0920,Hugo A. Owens Middle
136,0950,Grassfield Elementary
136,0960,Grassfield High
136,0960,Grassfield High School
136,0971,Truitt Intermediate
136,0972,Greenbrier Middle
136,0973,Jolliff Middle
137,,
137,1390,Harrington Waddell Elementary
137,1440,Lylburn Downing Middle
139,,
139,0070,Salem High
139,0070,Salem High School
139,0090,G. W. Carver Elementary
139,0090,G.W. Carver Elementary
139,0090,G.W. Carver Elementary School
139,0100,Andrew Lewis Middle
139,0100,Andrew Lewis Middle School
139,0460,West Salem Elementary
139,0460,West Salem Elementary School
139,0550,East Salem Elementary
139,0550,East Salem Elementary School
139,0580,South Salem Elementary
139,0580,South Salem Elementary School
142,,
142,0010,Poquoson High
142,0130,Poquoson Middle
142,0150,Poquoson Elementary
142,0160,Poquoson Primary
143,,
143,0010,Weems Elementary
143,0020,Richard C. Haydon Elementary
143,0060,George Carr Round Elementary
143,0070,Grace E. Metz Middle 
143,0070,Grace E. Metz Middle School
143,0080,Mayfield Intermediate
143,0310,Jennie Dean Elementary
143,0370,Osbourn High
143,0470,Baldwin Elementary
144,,
144,0030,Manassas Park High
144,0031,Manassas Park Middle
144,0420,Manassas Park Elementary
144,0522,Cougar Elementary
202,,
202,0021,Colonial Beach High
202,0022,Colonial Beach Elementary
207,,
207,0280,West Point Elementary
207,0290,West Point High
207,0391,West Point Middle
